2.9386,5,8.2355,1,1,1,0,0,0,0,0,0
4.8771,6.5427,4.8498,9,9,0,0,0,0,1,0,0
5,3.2389,2.7747,1.3276,1,0,0,0,0,0,1,0
2.9659,8.5904,8.099,8.2082,9,0,0,0,0,1,0,0
6.4608,1,2.8567,1,9,0,1,0,0,0,1,0
5,1.4369,1,1.4096,9,0,0,0,0,0,1,0
6.4881,1.3823,3.4027,1,9,0,1,0,0,0,1,0
9,6.7884,1,9,1,0,0,0,1,0,0,0
1.3823,1.3823,8.1809,8.2628,9,1,0,0,0,0,0,0
6.6,1,1.0273,1,9,0,1,1,0,0,1,0
6.5427,1,4.5495,9,9,1,0,0,0,0,0,0
4.9317,6.6519,8.0444,8.9727,9,0,0,0,0,1,0,0
6.4881,9,2.8294,9,9,0,0,0,0,1,0,0
5,6.7338,8.2355,9,1,0,0,0,0,1,0,0
4.959,6.7065,6.4334,8.5358,1,0,0,0,0,1,0,0
3.1297,6.7611,4.7133,9,9,0,0,0,0,1,0,0
1,9,1,9,9,0,0,0,0,1,0,0
9,9,1,9,5,0,0,0,0,1,1,0
4.9044,1,1,1,1,0,0,0,0,0,1,0
2.884,8.4812,2.802,8.5631,1,0,0,0,0,1,0,0
3.2116,5,4.7133,1,1,1,0,0,0,0,0,0
5.1229,3.157,1,9,1,0,0,0,0,0,1,0
4.8771,4.8498,1,9,1,0,0,0,0,0,1,0
5,1,4.6587,9,1,0,0,1,1,0,0,0
5,3.4027,4.5768,8.0717,1,0,1,0,0,0,0,0
5,1,6.1877,1,5,0,1,1,0,0,0,0
6.7338,3.1843,6.2969,1,1,0,1,1,1,0,0,0
6.6,3.1024,4.5768,8.6724,1,0,0,0,1,0,1,1
6.6519,5.0136,6.4061,4.959,1,0,0,0,0,1,0,1
4.9864,6.9795,6.57,1.0819,1,1,0,0,0,1,0,0
2.9932,9,2.802,9,1,0,0,0,0,1,0,0
4.8771,6.9795,4.6041,9,1,0,0,0,0,1,0,0
1.6007,6.8703,8.4812,7.0614,1,1,0,0,0,0,0,0
3.2389,8.3993,5.7509,8.2628,1,0,0,0,0,1,0,0
2.6655,3.9761,8.099,1.6826,1,1,0,0,0,0,0,0
3.7304,8.2628,5.9693,8.8908,1,0,0,0,0,1,0,0
1.1911,4.4403,9,4.058,1,1,0,0,0,0,0,0
5.3413,3.4573,7.0614,7.5256,8.4266,1,0,0,0,0,1,0
4.058,3.2662,7.9078,4.0307,1,1,1,0,0,0,0,0
3.785,3.3481,8.372,1.628,1,1,0,1,0,0,0,0
6.1331,2.802,5.8601,1.9556,7.6075,0,0,0,1,0,1,0
5.5324,1.1638,4.3584,1,1,0,0,1,0,0,0,1
6.0785,1.4369,4.2218,2.2014,8.2355,0,0,0,1,0,0,0
3.9761,3.8669,8.727,2.3925,1,1,0,0,0,0,0,0
6.7884,7.116,3.5666,7.7167,7.6348,0,0,0,0,0,0,1
1.628,6.6519,8.9181,7.1433,1.7372,1,0,0,0,0,0,0
7.2253,8.5358,3.5392,9,9,0,0,0,0,1,0,0
3.5392,5,9,1,1,1,0,0,0,0,0,0
3.0205,5.4505,5.6962,3.7031,1.5188,1,0,0,0,0,0,0
2.9659,7.9078,2.6655,7.7986,7.1433,1,0,0,0,1,0,0
6.0239,1.8737,3.157,2.7474,1.6007,0,0,1,1,0,1,0
1,6.5154,6.2969,7.471,1,1,0,0,0,1,0,0
6.1604,2.7747,4.0034,2.8294,1.9829,0,0,0,0,0,1,1
6.9249,3.2662,3.43,6.3788,6.9795,0,0,0,0,0,1,0
6.1604,2.884,2.4198,3.1843,1.4369,0,1,0,0,0,1,0
6.9249,1.6553,3.7577,1.1911,1.8191,0,0,0,1,0,0,1
6.8157,1.8191,3.3481,3.2116,5.8874,0,0,0,1,0,1,1
6.2969,7.9625,3.2662,8.1263,1.7099,0,0,0,0,1,0,1
7.6075,3.6212,4.0034,6.6519,1.901,0,0,0,1,0,0,1
5.6143,7.0614,5.942,6.8703,7.3072,1,0,0,0,1,0,1
6.6792,9,2.5563,9,7.5802,0,0,0,0,1,0,0
5,6.1604,5.7782,7.0068,6.3515,1,0,0,0,1,0,0
6.1331,7.0068,3.9761,7.9898,1,0,0,0,0,1,0,1
6.0785,7.4437,4.0307,7.6348,6.0239,0,0,0,0,1,0,1
5.6962,6.2969,5,9,1,0,0,0,0,1,0,0
6.2696,9,6.3788,9,1,0,0,0,0,1,0,0
6.4334,3.2389,5.8055,1.1092,1,0,0,0,0,0,1,0
5.3959,7.6894,7.7167,8.4812,9,0,0,0,0,1,0,0
6.8703,2.2833,4.5495,1,1,0,1,0,0,0,0,0
7.3618,1,3.8396,2.256,1,0,0,0,0,0,1,0
7.1433,2.0922,3.0478,1,5,0,1,0,0,0,0,0
7.8259,1,2.9659,1,1,0,1,0,1,0,0,0
7.0341,3.785,4.1126,1.7645,5,0,0,0,0,0,1,0
6.5154,5.7782,3.3481,1,1,0,0,1,0,0,0,0
9,3.2935,4.2218,1.0819,1,0,0,0,1,0,0,0
9,2.5836,1,1,1,0,1,0,1,0,0,0
7.7986,4.2491,3.2389,6.8157,1,1,1,0,0,0,0,0
6.3515,7.4164,5,6.9522,1,0,0,0,0,1,0,0
6.7884,9,5,9,9,0,0,0,0,1,0,0
6.1877,3.8942,3.9761,6.6519,5,0,0,0,1,0,0,0
1.628,5.587,7.7167,5.4505,1.3276,1,0,0,0,0,0,0
3.8669,6.9249,6.5154,6.3242,1,1,0,0,0,0,0,0
5.4778,3.5119,4.1945,4.686,3.8942,0,0,0,0,0,1,0
6.6519,7.471,4.2491,7.5256,1.4369,0,0,0,0,1,0,0
3.0751,5,5.6416,3.6212,2.5563,1,0,0,0,0,0,0
4.8225,3.785,6.4881,4.2764,2.7474,1,0,0,0,0,1,0
5.6689,2.5836,3.9488,4.3311,1.6826,0,1,0,0,0,0,0
5.9147,2.3106,2.6928,6.0512,1.5734,1,0,1,0,0,0,1
6.3788,3.1843,2.3652,6.1877,2.0375,1,0,0,1,0,1,1
5.8874,1,1.2184,1,1,0,0,1,0,0,0,0
5.9147,3.2662,3.7304,3.785,2.9932,0,0,1,1,0,0,0
7.6894,3.6758,3.157,3.7031,1.9829,0,1,0,0,0,0,1
7.4164,7.7986,2.3106,9,2.0102,0,0,0,0,1,0,1
5.6962,5.7236,3.8942,6.9249,4.6314,0,0,0,0,1,0,0
6.9249,6.9249,2.3106,7.0887,1.1092,1,0,0,0,1,0,0
8.6724,6.8976,2.7747,8.372,1.6007,0,0,0,0,1,0,0
1.5188,6.0512,8.2355,3.9761,2.1195,1,0,0,0,0,0,0
1.355,6.9795,4.0853,6.3788,2.9386,1,0,0,0,1,0,0
3.1843,5.8055,3.7031,6.9522,4.6041,1,0,0,0,0,1,0
1.901,6.6792,6.7065,6.1058,2.2833,1,0,0,0,1,0,0
5.6416,4.1945,4.1945,7.9898,1.901,0,0,0,0,0,1,1
6.2696,3.5119,2.884,7.2253,3.2662,0,0,0,0,0,1,0
4.2491,4.0034,5.7509,5.8328,1,0,0,0,1,0,1,1
5.7236,6.6519,6.4061,6.9795,1.0819,1,0,0,1,0,0,1
6.2696,4.1126,2.1468,8.4266,9,0,0,0,1,0,1,1
5.8874,6.0239,2.2014,5.8328,2.4744,0,0,1,0,1,0,1
2.5017,4.3857,6.7611,5.7782,9,1,0,0,0,0,0,0
6.5154,6.1331,4.1399,6.9795,3.43,1,0,0,0,1,0,1
6.2969,6.8976,3.3481,7.3345,3.2662,1,0,0,0,0,0,1
5.7782,7.1433,3.8669,6.843,9,0,0,0,0,1,0,1
6.7338,7.7167,3.8123,6.5427,1,1,0,0,0,1,0,1
7.7713,6.6519,2.256,8.3447,1.8191,1,0,0,0,1,0,1
6.57,6.215,3.7577,5.8,6.7338,0,0,0,0,1,0,1
5,8.0171,4.6314,9,1.4642,0,0,0,0,1,0,0
3.0751,3.1024,6.4334,2.4198,1,0,0,0,0,0,1,0
6.4608,5.8055,3.7577,6.8157,2.2287,0,0,0,0,1,1,0
5,5,5.3959,3.5666,1,1,0,0,0,0,0,0
7.0068,1.4915,1.8737,2.0922,1.4096,0,1,1,1,0,1,0
5.942,4.3584,4.6587,3.6758,2.3106,0,1,0,0,0,1,0
7.116,3.3481,3.8123,2.5017,1,0,0,0,1,0,0,0
6.5154,2.4471,4.4676,2.7747,1,0,0,1,0,0,0,0
5.5324,2.1195,4.1399,2.6,1,0,0,1,0,0,0,1
8.1263,2.2287,2.4471,1,2.1195,0,0,1,1,0,0,0
7.3618,4.0034,5,3.5392,1,0,1,0,0,0,0,1
4.8771,6.2696,5.7509,6.8703,6.3242,0,0,0,0,1,0,1
4.1945,4.6041,5.5324,3.2389,1,1,0,0,0,0,0,0
6.7065,8.2082,3.5119,9,1,0,0,0,0,1,0,1
5.8,5.8,4.1945,5.8,1,0,0,0,0,1,0,1
2.4471,7.5256,8.645,7.6348,1.901,0,0,0,0,1,0,0
1.4642,7.0068,7.471,7.3072,1.6553,0,0,0,0,1,0,0
1.355,5,8.7543,4.3038,1.1911,0,1,0,0,0,0,0
1.8737,8.0717,8.6997,6.3242,3.785,0,0,0,0,1,0,1
1.0546,4.9864,8.9181,2.9932,5.1502,0,1,0,0,0,0,0
2.3106,5,8.5904,5.2321,1.1365,0,1,0,0,0,0,0
3.6485,4.7133,8.7543,2.9386,1.9829,0,1,0,0,0,0,0
5,4.2218,5.0956,5.1229,2.1195,1,0,0,0,0,0,0
7.3072,4.2764,4.4676,5.942,1.7372,1,0,0,0,0,0,0
6.7611,5,6.7065,3.3481,1.1365,0,0,1,0,0,0,1
6.0512,5,4.9044,5.5051,3.785,1,0,0,0,0,0,1
5.1502,5,5.2867,4.8771,1.1638,0,1,0,0,0,0,1
6.8976,5.8601,4.9317,6.1331,5.1775,0,0,0,0,0,0,1
4.4403,8.5631,8.6177,8.8362,9,0,0,0,0,1,0,0
6.215,8.5904,8.5904,8.8635,4.5495,0,0,0,0,1,0,1
5.2048,6.9795,8.3174,8.0717,1.1911,0,0,0,0,1,0,1
3.0205,9,9,9,9,0,0,0,0,1,0,0
2.6655,8.099,8.5631,8.0444,2.4744,0,0,0,0,1,1,0
2.0648,3.2389,8.4539,7.9078,8.6177,1,0,0,0,0,1,0
1.6553,7.9625,9,8.3174,8.6997,0,0,0,0,1,0,0
2.7474,5.0136,8.1263,6.5427,1.4096,1,0,0,0,0,0,0
3.1297,3.9488,7.6348,8.2628,9,1,0,0,0,0,1,0
3.43,2.256,8.645,2.4198,1,1,0,1,0,0,0,0
6.3788,1,4.5495,1.8464,1.3276,0,0,0,1,0,0,0
5,1.6553,6.3242,9,9,0,0,0,1,0,1,1
3.1024,1.9283,7.3618,1.8191,1,1,0,1,0,0,0,0
4.9044,1.0546,7.471,6.2696,7.7986,0,0,0,1,0,1,0
3.1297,7.3891,8.6997,6.57,7.7713,1,0,0,0,1,0,0
2.4744,7.0341,7.8805,7.6894,7.198,0,0,0,0,1,0,0
2.5836,8.4539,8.2355,7.6075,9,0,0,0,0,1,0,0
4.9317,9,6.843,9,9,0,0,0,0,1,0,0
1,5,8.4539,3.6758,8.1263,1,0,0,0,0,0,0
2.9659,7.0341,8.3993,8.3174,1,0,0,0,0,1,0,0
3.0205,8.5631,8.3993,8.1536,1,0,0,0,0,1,0,0
3.0751,6.57,8.0444,1.4915,5,1,0,0,0,0,0,0
2.884,7.0341,8.1809,8.1536,1,0,0,0,0,1,0,0
3.0205,6.5973,7.9625,1.3003,1,1,0,0,0,0,0,0
3.0751,6.843,8.5085,1.4642,1,1,0,0,0,0,0,0
3.0205,6.7338,8.372,1.355,1.4915,1,0,0,0,0,0,0
2.9113,6.6792,8.0171,1.355,1,1,0,0,0,0,0,0
2.9386,6.6792,8.2082,1.1638,1.2457,1,0,0,0,0,0,0
2.8567,6.8157,8.2082,1.273,5,1,0,0,0,0,0,0
1.1092,6.7338,8.372,8.4812,1,0,0,0,0,1,0,0
3.3754,6.8157,8.099,8.372,7.2253,1,0,0,0,0,0,0
3.1297,6.7884,8.1536,8.6724,5.8601,0,0,0,0,1,0,0
3.1024,6.7611,8.2628,8.6997,6.0239,1,0,0,0,0,0,0
3.0478,6.9249,7.9898,8.1263,1,0,0,0,0,1,0,0
2.8294,6.8703,8.2355,7.9625,6.4608,0,0,0,0,1,0,0
3.1297,6.5427,3.9215,6.4061,6.9249,1,0,0,0,1,0,0
2.6109,8.3174,3.4846,8.1263,1,0,0,0,0,1,0,0
1.2184,3.3754,6.2696,9,1,1,0,0,0,0,1,0
3.0478,7.7167,3.6758,7.3345,1,0,0,0,0,1,0,0
6.8703,2.3652,4.0307,3.9488,1.273,0,1,1,0,0,0,1
5,3.2389,4.4676,1,1,0,0,0,0,0,1,0
7.0887,2.6655,2.529,2.6655,1.8737,0,1,1,0,0,0,0
8.0444,2.1741,4.1399,3.3754,7.0341,0,0,1,1,0,0,1
7.6621,2.6109,3.6212,2.9659,1.6826,0,0,1,1,0,1,1
7.3072,2.0648,2.5563,1.5734,1,0,0,1,0,0,0,1
7.198,2.2833,4.0853,6.215,8.099,0,0,1,1,0,0,1
6.2423,8.2082,3.3481,7.0614,7.744,0,0,0,0,1,0,0
7.8805,7.9625,3.5392,7.6075,7.6075,0,0,0,0,1,0,1
3.2116,6.4608,5.8328,7.2526,1,1,0,0,0,1,0,0
5,8.0171,5.5051,9,1,0,0,0,0,1,0,1
7.0614,7.8532,4.1126,9,7.8805,0,0,0,0,1,0,0
5.6962,6.5973,4.4403,6.4334,3.8942,1,0,0,0,1,0,0
5.5597,6.5973,6.1604,6.7338,5.7509,1,0,0,0,1,0,0
3.8396,3.9761,4.6314,4.2491,6.4061,0,1,0,1,0,1,0
4.413,6.8976,5.2594,7.9898,9,0,0,0,1,1,1,1
3.8396,4.058,6.7338,3.785,2.2014,1,0,0,0,0,0,0
4.6041,3.4573,5,4.4676,3.1843,0,0,0,0,0,1,0
6.2696,2.0922,3.5939,2.7474,3.6212,0,1,1,1,0,0,0
7.9898,1.8464,2.6382,2.256,7.744,0,1,1,1,0,0,1
6.2696,2.5836,3.0751,2.2014,5.4505,0,1,0,1,0,1,1
6.2423,3.0751,4.6041,2.8567,3.1024,0,1,1,0,0,0,1
7.7986,2.8294,3.3754,2.6655,7.2253,0,1,1,1,0,1,1
5.942,4.413,5.5324,4.6041,2.5017,0,1,1,1,0,0,1
6.3242,6.1331,4.7133,5,3.7304,0,0,0,1,1,0,1
5.7509,5.9966,5.8874,6.7065,5.8055,0,0,0,0,1,0,0
6.215,7.0068,3.8123,6.5973,6.1058,0,0,0,0,1,0,1
6.6792,5,3.0205,5,7.4983,0,1,0,1,0,0,1
4.413,5.8328,6.9249,5,1,1,0,0,0,0,0,0
3.9488,5.5597,7.7167,3.3208,5,1,0,0,0,0,0,0
5.6416,3.6758,6.8976,5.2594,2.884,0,0,0,0,0,1,0
4.2491,6.2696,6.843,6.7338,1,0,0,0,0,1,0,0
4.3584,5,7.1706,3.8942,1,1,0,0,0,0,0,0
3.7304,4.5768,7.9625,6.2423,1,1,0,0,0,0,0,0
4.3311,3.3208,5.4505,3.5666,1,1,0,0,0,0,0,0
6.8703,4.3584,7.6348,5.7236,1,1,0,0,0,0,0,0
6.1877,2.9113,6.7338,7.3618,6.6519,0,0,0,0,0,1,0
5.4505,7.7986,5.7509,7.5802,1,0,0,0,0,1,0,0
7.0068,5.0683,4.3584,6.7884,1.5188,0,0,0,0,0,0,1
4.2491,7.0341,6.1058,7.0068,1,0,0,0,0,1,0,1
4.3311,7.3618,6.2423,7.3072,1,0,0,0,0,1,0,1
4.1399,5.6143,6.5973,5.4505,5,0,0,0,0,1,0,0
3.6212,6.5154,7.6348,5.8601,1,0,0,0,0,1,0,0
5.5597,7.116,6.8976,7.0614,1,0,0,0,0,1,0,1
3.5939,7.8532,6.7611,7.9352,1,0,0,0,0,1,0,0
1.8,6.6,8.2,5,5,1,0,0,0,0,0,0
3.8942,3.5666,6.2423,8.0444,7.0068,0,0,0,0,0,1,0
4.2,6.6,6.6,7.4,9,0,0,0,0,1,0,0
5,3.3208,7.5802,7.4437,1.6007,0,0,1,0,0,0,0
2.3379,3.3754,6.7884,2.7201,5.942,0,0,0,0,0,1,0
3.8942,3.3208,5.7782,4.0034,6.1058,0,1,0,0,0,0,0
7.4,5,3.4,5,2.6,0,0,0,0,0,0,1
4.959,3.2662,5.6962,7.5529,5,0,0,0,0,0,1,1
5,5,7.471,2.1741,2.5563,0,0,1,0,0,0,0
6.0785,5,4.1399,5,7.9625,0,0,0,1,0,0,1
5,5,8.5631,1.6007,1.8,1,0,0,0,0,0,1
5.8,7.4,4.2,7.4,8.5904,0,0,0,0,1,0,0
5,6.6,4.2,7.9898,9,0,0,0,0,1,0,0
6.6,7.4,4.2,9,6.6,0,0,0,0,1,0,0
6.6,5,6.6,7.4,8.2,1,0,0,0,0,0,0
6.5973,6.7338,4.6587,8.0717,1.1092,1,0,0,0,0,0,0
4.9044,6.8976,4.5495,8.3174,1,1,0,0,0,0,0,0
4.8498,3.2389,6.2696,1.4915,1,0,0,0,0,0,1,0
6.5427,6.843,4.8225,8.2901,1,1,0,0,0,1,0,0
2.9932,5,4.6041,1.5188,1,1,0,0,0,0,0,0
6.5154,3.2116,6.3788,8.3993,9,0,0,0,0,0,1,0
6.5427,3.1843,2.802,1.3276,1,1,0,0,0,0,0,0
8.6997,3.2116,6.4061,1,1,0,0,1,0,0,0,0
6.5154,6.6792,4.7133,7.6894,9,1,0,0,0,0,0,0
4.8498,1.3276,6.4334,1,1,0,0,1,0,0,0,0
6.7338,3.3208,4.6041,7.7986,9,0,0,1,1,0,0,0
6.6792,8.8362,6.4881,8.8635,9,0,0,0,0,1,0,0
6.5427,6.7884,6.3242,7.5256,8.372,1,0,0,0,0,0,1
4.8771,6.7338,2.802,1.2457,1,1,0,0,0,0,0,0
6.5973,6.7611,4.6587,8.1263,1,1,0,0,0,1,0,0
6.5973,6.7338,4.6314,7.9625,1.3823,0,0,0,0,0,0,1
7.4437,8.2355,2.9386,8.6724,8.7543,0,0,0,0,1,0,0
2.3106,9,3.9488,7.744,6.8976,0,0,0,0,1,0,1
2.8567,2.6109,3.5392,7.8532,7.8532,0,0,0,0,0,1,0
2.8567,7.744,2.5836,8.1263,8.6724,0,0,0,0,1,0,1
3.5666,1,3.4,5.9966,1.5461,0,1,1,0,0,1,0
1.8191,2.7201,3.3481,6.7065,3.1843,0,0,0,0,0,1,0
3.4573,1,7.5256,3.2389,1,0,1,0,0,0,1,0
8.2628,3.2116,2.2833,3.0751,1.8191,0,0,0,1,0,0,0
6.7065,2.6928,3.2116,8.1263,9,0,0,0,0,0,1,1
3.2662,3.785,2.7201,1,1.3003,0,0,1,0,0,0,0
7.8805,2.7474,2.529,9,9,0,0,0,1,0,1,0
4.1945,6.7338,5.942,6.7065,1,1,0,0,0,1,0,0
6.9795,8.4539,2.9932,7.744,8.1809,0,0,0,0,1,0,0
2.256,5,9,3.8123,2.529,1,0,0,0,0,0,0
6.4334,8.6177,3.2662,7.6075,8.2901,0,0,0,0,1,0,0
1.6007,5.587,8.6177,3.0205,1,1,0,0,0,0,0,0
3.0478,6.4334,6.9795,6.0785,8.2082,1,0,0,0,0,0,0
5.8601,9,6.3242,6.7338,1,0,0,0,0,1,0,0
5,3.4027,5.3959,2.7747,1,1,0,0,0,0,0,0
2.1468,6.7065,6.4881,6.0239,3.43,1,0,0,0,1,0,0
3.4573,1.9283,7.3891,6.6792,1,1,1,0,0,0,0,0
6.7884,3.2116,3.0205,7.0068,8.3447,0,0,0,0,0,1,0
3.4573,1.5734,6.0512,2.6109,1,0,1,1,0,0,0,0
7.4983,2.3925,2.8567,5.7509,8.2355,0,0,0,1,0,0,1
6.9795,3.4846,5.9693,3.5119,7.1706,0,0,0,0,0,1,0
5.7509,2.5836,5.942,2.7201,1,0,0,1,0,0,0,0
7.6894,1.8737,2.5563,6.3515,5,0,0,0,1,0,0,1
6.4061,4.0307,7.5256,2.256,7.2799,1,0,0,0,0,0,0
5.942,7.0068,6.7611,6.7065,6.6519,1,0,0,0,0,0,0
3.785,7.6621,8.645,6.9249,6.57,0,0,0,0,1,0,0
6.0512,7.4437,7.0614,6.1604,1,1,0,0,0,1,0,0
6.215,5.8,8.1263,6.9522,9,0,0,0,0,1,0,0
3.4573,6.9249,5.7236,6.57,1,1,0,0,0,1,0,0
1.9283,7.5256,6.8976,7.471,1,1,0,0,0,1,0,0
4.4403,3.5666,4.0034,3.8396,1,0,0,0,0,0,1,0
3.7031,6.6519,5.8055,6.6519,5.8328,0,0,0,0,1,0,0
4.3311,2.5563,6.2969,3.785,1,1,0,0,0,0,1,0
5.8874,3.9761,3.2935,4.1672,1,0,0,0,0,0,1,0
4.5222,2.7747,3.8396,2.9386,1,0,1,0,0,0,0,0
6.4881,3.9215,3.9761,6.3515,1,0,0,0,1,0,0,1
6.6519,3.8396,5.9693,3.6212,7.3345,0,1,0,0,0,1,0
5.0136,2.1468,3.6758,1,1,0,0,1,0,0,0,0
6.4608,3.8123,2.6382,5.8328,1,0,0,0,1,0,0,0
6.0512,3.4846,3.5392,6.57,1,0,0,0,0,1,0,1
5.9147,5.4778,5.6143,6.2969,1,1,0,0,0,1,0,0
6.2696,7.0068,3.7031,8.2628,1,0,0,0,0,1,0,0
5.942,7.3618,7.4437,7.116,1,0,0,0,0,1,0,0
5.8055,5.7236,4.3857,5.7782,1,1,0,0,0,0,0,1
2.6,9,3.4,9,5.8,0,0,0,0,1,0,0
3.4,9,7.4,7.4,5,1,0,0,0,1,0,0
3.4,5.8,8.2,5.8,5.8,1,0,0,0,0,1,0
2.6,9,2.6,9,9,1,0,0,0,1,1,0
3.4,1,8.2,5,1,0,1,0,0,0,0,0
4.2,2.6,7.4,1.8,1,1,0,0,0,0,1,0
3.4,1.8,7.4,4.2,1,1,1,0,0,0,0,0
6.6,1.8,3.4,5.8,8.2,1,0,0,1,0,0,0
3.4,1.8,7.4,2.6,8.2,1,0,0,0,0,1,0
3.4,1,4.2,1,1,0,0,1,0,0,0,0
5,1.8,4.2,1,7.4,1,0,0,1,0,0,1
2.6,3.4,5,5,9,1,0,0,0,0,0,0
4.2,6.6,4.2,9,5,1,0,0,0,1,0,0
3.4,6.6,8.2,7.4,1,1,0,0,0,1,0,0
5.8,9,2.6,9,1,0,0,0,0,1,0,1
4.2,5,2.6,8.2,9,1,0,0,0,0,0,0
3.1843,7.0068,6.1604,6.0785,1,1,0,0,0,0,0,0
2.3925,7.5529,7.0887,6.2423,1,0,0,0,0,1,0,0
1.9829,2.5836,7.4164,2.8567,1.8,0,1,0,0,0,1,0
1.9829,7.0614,6.8703,5.9693,8.0444,1,0,0,0,1,0,0
6.6,4.1399,3.0478,6.2969,1,0,0,0,1,0,0,0
6.5427,3.8123,2.9113,7.1706,1,0,1,0,0,0,1,0
5.4505,3.4846,5.7509,6.4881,6.6792,0,1,0,0,0,0,0
7.0341,2.7747,2.4198,1.9556,1,0,0,0,1,0,0,1
7.7986,3.5666,1.3003,8.2628,1.1638,0,0,0,1,0,0,1
4.959,2.1195,2.6655,2.256,1,0,0,1,0,0,0,0
7.4164,1.9556,1.5188,1,7.7713,0,0,0,1,0,0,0
8.6177,7.0887,1.7372,8.5358,1,0,0,0,1,0,0,1
8.0171,6.9249,2.529,7.9352,1.3276,0,0,0,0,1,0,1
3.7304,5.9966,5.9966,6.1877,7.2799,0,0,0,0,1,0,0
8.3174,8.6177,1.6553,8.3447,1.628,0,0,0,0,1,0,1
6.6,8.2082,1.9556,8.2901,1,0,0,0,0,1,0,1
5.7509,7.4437,4.3857,7.1433,5.7782,0,0,0,0,1,0,0
5.6416,6.1877,3.9488,7.7167,1,0,0,0,0,1,1,0
6.215,2.6928,3.785,6.6246,6.6792,0,1,0,0,0,1,0
4.058,7.7986,3.9761,8.1536,3.8123,0,0,0,0,1,0,0
6.1877,3.8942,4.0034,5.9147,1,0,1,0,0,0,1,1
6.5427,2.1468,4.0853,7.7986,4.058,0,0,0,0,0,1,0
7.2526,3.3208,2.8294,6.1604,1,0,1,1,0,0,0,0
6.9795,3.9761,3.8669,6.7884,1.9283,0,0,1,1,0,0,1
7.2253,1.8191,3.8942,8.0717,9,0,1,0,0,0,1,0
5.4505,3.2662,4.3857,3.3481,1,0,0,1,0,0,0,1
6.5973,3.1297,4.058,6.3515,2.2833,0,0,1,1,0,0,1
6.1331,8.0171,2.9932,7.3618,1.9283,0,0,0,0,1,0,1
6.3515,6.8976,3.6758,8.3174,7.116,0,0,0,0,1,0,0
5.2867,8.1536,4.5495,8.0171,6.5427,0,0,0,0,1,0,1
6.4608,7.7986,3.1297,8.2082,1.901,0,0,0,0,1,0,0
6.0239,6.7065,4.4403,6.5427,3.9488,0,0,0,0,1,0,1
5,6.8157,4.6314,6.7611,1,0,0,0,0,1,0,0
5,6.7611,4.6587,6.0785,1.4369,1,0,0,0,1,0,0
5,3.4573,4.6314,6.2696,1.0819,1,0,0,0,0,1,0
3.1297,5,2.8567,6.7065,9,1,0,0,0,0,0,1
5,5,4.5768,6.1331,1.4096,1,0,0,0,0,0,0
6.7611,6.57,6.2969,6.9795,1,0,0,0,0,0,1,0
3.2389,3.43,4.686,3.7031,1.1365,1,0,0,0,0,0,1
6.7338,5,6.3788,6.3515,1,1,0,0,1,0,0,0
5,3.4027,6.2423,3.1024,9,0,0,0,0,0,1,0
6.6246,3.2935,6.4061,3.2389,1,1,0,1,0,0,0,0
6.4334,3.6212,8.4812,6.6246,1.1092,0,0,0,1,0,0,1
6.6792,3.43,6.4061,6.8157,1,0,0,0,0,1,0,1
6.6246,5,4.686,4.9864,1.8464,0,0,0,0,0,0,1
6.9522,9,6.215,8.1263,6.0512,0,0,0,0,1,0,0
4.9044,6.7884,4.6587,6.5427,1.0273,0,0,0,0,1,0,1
6.5973,5,6.215,6.6246,1,0,0,0,0,0,0,1
2.7898,5,8.783,3.5492,1.4881,1,0,0,0,0,0,0
5.4203,6.017,5,6.2339,1,1,0,0,0,0,0,0
5.2847,4.5254,6.5051,7.861,1.678,1,0,0,0,0,1,0
5.8,6.6,8.1593,6.2339,6.0441,1,0,0,0,1,0,0
6.6949,6.4508,3.9559,7.9424,1.7322,1,1,0,0,1,0,0
5.8,3.7932,4.2,3.2508,1.678,1,0,0,0,0,1,0
5.8,4.2,6.6,4.2,1.8,1,1,0,0,0,0,0
6.9661,3.4407,3.4136,8.539,1.3254,0,0,0,1,0,0,1
7.2373,4.1186,3.3593,8.2678,6.6,0,0,0,0,0,1,1
8.9458,1,1.8407,1,1,0,0,1,0,0,0,0
8.2,2.5186,3.6847,8.6203,7.8881,0,0,1,1,0,0,0
8.539,8.7017,2.2203,8.5661,8.8102,0,0,0,0,1,0,0
8.5661,8.7559,2.3559,8.539,9,0,0,0,0,1,0,0
6.6,7.4,3.4949,7.861,2.0847,0,0,0,0,1,0,0
5.8,6.6,6.3966,6.1254,1.4881,1,0,0,0,1,0,0
5.8,5.8,4.2,5.8,2.9797,0,0,0,0,1,0,0
5.9898,7.4814,4.1458,8.1864,1,0,0,0,0,1,0,0
5,7.2644,5.8542,8.4034,1,1,0,0,0,0,0,0
6.3695,3.1695,4.0915,6.5593,1,0,0,0,0,0,1,0
4.4441,8.1864,4.417,8.2136,1,0,0,0,0,1,0,0
5.3932,5.0678,7.4271,7.2644,5,1,0,0,0,0,0,0
5.6102,3.3322,4.7966,6.261,1,0,0,0,0,0,1,0
3.6847,5.0949,6.1525,7.2644,1,1,0,0,0,0,0,1
6.6678,3.9288,3.3864,6.6407,1,0,0,0,1,0,0,1
6.3424,5,3.6847,7.1017,1,0,0,0,0,0,1,1
6.5593,2.6542,2.8712,4.9051,1.7593,0,0,1,0,0,0,0
7.2102,3.7661,3.3864,6.9119,1,0,0,0,1,0,0,0
6.5864,7.8339,4.0915,8.3763,1.4339,0,0,0,0,1,0,1
6.1525,6.8576,3.9288,8.2949,1,0,0,0,0,0,0,1
2.9797,7.4814,4.2814,8.2949,1,0,0,0,0,1,0,0
4.5797,7.9153,4.8237,8.2136,1,0,0,0,0,1,0,0
5,7.6983,4.4712,7.9424,7.7525,0,0,0,0,1,0,0
3.061,5,8.9729,1.0814,1,1,0,0,0,0,0,0
2.3017,7.8068,7.7254,7.617,1.3797,0,0,0,0,1,0,0
6.5322,2.6542,6.0441,7.0475,7.9424,0,0,1,0,0,1,0
3.6034,6.2339,2.5186,6.7492,2.0576,0,0,0,0,1,1,0
6.478,2.7356,6.3153,6.7492,6.8847,0,1,0,0,0,0,1
6.0441,2.2203,4.3898,3.5763,1.5424,0,0,0,0,0,1,0
7.4271,1,3.9017,5,1.5153,0,1,0,0,0,0,0
7.5898,3.0339,3.4407,8.078,1,0,0,1,1,0,0,1
7.5085,1.5153,3.0881,6.8034,6.5864,0,0,0,1,0,1,1
6.0712,2.1119,3.4949,1.9763,1,0,0,1,0,0,0,0
8.8644,1.0814,1.4339,6.9661,8.322,0,0,0,1,0,0,1
7.183,6.2068,3.739,8.0237,9,0,0,0,0,0,0,1
6.6949,7.7797,4.4712,7.6712,9,0,0,0,0,1,0,1
5,6.9119,7.3186,4.0102,2.9525,1,0,0,0,0,0,0
4.0644,7.2102,6.1797,7.1288,1,0,0,0,0,1,0,0
6.3153,7.9695,5.8,8.2949,6.261,0,0,0,0,1,0,1
5.8814,7.4271,4.1729,7.3729,5.7729,0,0,0,0,1,0,0
2.6271,6.722,8.1051,6.4237,1,1,0,0,0,1,0,1
5,5,8.2136,2.3017,6.0712,1,0,0,0,0,0,0
5,6.5864,7.2644,6.5864,7.5356,1,0,0,0,1,0,0
3.9288,3.8746,5.6915,1,2.9254,1,1,0,1,0,1,0
5,2.9797,2.3559,5.6644,1.461,0,1,0,0,0,1,0
6.478,3.6576,3.6847,5.9085,4.1186,1,1,0,0,1,0,1
7.4,4.2542,6.4508,5,5.5288,1,0,0,0,0,0,1
6.6407,3.8475,3.6034,7.4814,9,1,1,0,0,0,1,0
5,1,5,1,2.0034,0,0,1,0,0,0,0
6.8034,4.2814,6.9661,2.817,3.1153,1,0,0,0,0,1,1
6.5864,8.6746,4.2814,8.4034,1.6237,0,0,0,0,1,0,1
4.0373,3.6305,3.0881,5.5559,1,1,0,0,0,1,0,0
5.9085,8.078,3.6305,7.617,9,0,0,0,0,1,0,0
6.6678,8.1864,4.3085,7.8339,7.3458,0,0,0,0,1,0,1
6.8576,6.3966,7.1288,8.2407,1,0,0,0,0,1,0,1
7.8339,7.0203,7.4,7.617,7.7254,0,0,0,0,1,0,0
6.2068,8.4305,1,8.2949,1,1,0,0,0,1,1,0
5,5,5,9,7.7254,1,0,0,0,0,0,0
6.6949,3.1695,6.5322,2.4644,4.0644,1,0,0,0,0,1,0
6.3424,3.4136,6.4237,3.5492,6.5051,0,0,1,0,0,0,1
5,5,6.1797,7.9424,2.0305,1,0,0,0,0,1,0
6.017,4.5797,5.0678,8.078,1,1,0,0,0,0,0,0
6.5322,5,6.3966,8.5932,6.1797,1,0,0,0,0,0,0
8.2678,6.8305,6.5593,9,9,1,0,0,1,0,0,0
5,4.0915,3.4949,2.7085,1,1,0,1,0,0,0,0
6.2881,5.4203,5.2034,6.8305,1,1,0,0,0,0,0,0
6.1525,6.6136,6.3695,8.1864,1,1,0,0,0,1,0,0
6.5864,6.478,6.1525,9,7.0203,0,0,0,0,1,0,1
5,6.5593,5,9,9,1,0,0,0,1,0,0
5,5,2.8983,1,1,1,0,0,0,0,0,0
5,5.0678,6.4237,6.3695,1,1,0,0,0,0,0,0
3.278,9,8.5932,8.7559,1,1,0,0,0,0,0,0
6.4237,7.9966,2.8712,1,1,1,0,0,0,1,0,0
3.3593,3.1424,7.7525,1.9763,1,1,0,0,0,0,1,0
6.5322,8.5661,3.061,8.8102,1,0,0,0,0,1,0,0
2.0576,3.4407,7.1559,8.9186,1,0,1,0,0,0,0,0
5,1.461,8.8102,1,1,1,0,0,0,0,1,0
6.5864,5,2.9797,9,1,1,1,0,0,0,0,1
6.6678,3.3593,3.0339,9,1,0,0,1,1,0,0,1
3.1424,1.6237,3.0068,9,1,0,1,0,1,0,1,1
6.9661,1.1627,1.7051,1,1,0,0,1,0,0,0,0
7.8881,1,2.7627,9,1,0,0,0,1,0,0,1
1.461,6.8576,3.0881,9,9,0,0,0,0,1,0,0
5,6.7763,6.0441,9,1,0,0,0,0,0,0,1
6.6407,9,3.1695,9,1,1,0,0,0,1,0,0
6.7492,9,2.9525,9,7.7254,0,0,0,0,1,0,1
7.1559,7.2102,2.8441,9,7.6983,0,0,0,0,1,0,0
2.5186,8.0508,8.1593,8.5932,1.7322,0,0,0,0,1,0,0
3.9017,9,8.6746,9,2.4644,0,0,0,0,1,0,0
2.5458,3.983,7.3729,7.183,1,0,0,0,0,0,1,0
2.4102,6.8576,8.7017,5,9,0,0,0,0,1,0,0
1.922,4.9593,8.2678,3.2508,1,1,0,0,0,0,0,0
1.5966,5,8.3492,7.4542,3.8746,1,0,0,0,0,1,0
3.0881,3.3864,8.5661,3.3051,1,1,0,0,0,0,0,0
3.8746,5.9627,6.0712,7.8339,7.5627,0,0,0,1,0,0,1
2.8983,4.9322,8.1864,7.5898,7.5627,0,0,0,0,0,1,0
3.2237,1,1.922,1,1,0,0,1,0,0,0,0
2.8441,3.1966,6.7492,8.7017,6.6949,0,0,0,1,0,0,1
3.1153,9,6.722,9,1,0,0,0,0,1,0,0
2.9254,8.7288,7.8339,8.9729,1,0,0,0,0,1,0,0
2.4373,8.1051,8.539,8.9729,9,0,0,0,0,1,0,0
3.7661,9,6.0712,9,8.4847,0,0,0,0,1,0,0
3.1424,9,7.4542,8.9458,1,0,0,0,0,1,0,0
6.017,7.5898,4.4441,5,1,0,0,0,0,1,0,1
6.3424,8.7017,3.8203,7.9695,1,0,0,0,0,1,0,0
3.1966,2.4373,4.0915,6.9932,1,0,0,1,0,0,1,0
5.8542,7.7254,6.261,6.478,1,0,0,0,0,1,0,0
7.3186,2.3559,3.739,6.6678,1,0,1,0,1,0,0,0
6.6949,3.0881,2.4373,6.4508,5.8,0,0,0,0,0,1,0
6.8034,2.6271,3.5763,6.1254,1,0,1,0,1,0,0,0
8.5119,3.1695,3.8746,7.2102,1,0,0,0,1,0,0,1
7.8339,2.1932,3.6305,6.9932,1,0,1,0,1,0,1,1
6.5864,5,3.8203,5,6.5051,0,0,1,0,1,0,0
6.5051,3.278,6.4508,6.939,1,0,1,0,1,0,0,1
7.3186,6.5051,3.9017,6.6949,1,0,0,0,0,1,0,1
5.8814,6.0983,7.2915,6.261,6.017,0,0,0,0,1,0,1
5.7186,7.5085,8.322,7.617,1,0,0,0,0,1,0,0
6.8034,8.7288,2.5458,7.6441,1,0,0,0,0,1,0,1
7.0203,7.4271,4.3898,6.3695,2.4373,0,0,0,0,1,0,1
4.8237,8.3492,3.1966,8.0508,7.5356,0,0,0,0,1,0,0
5,7.9424,3.2237,7.4,1.3254,0,0,0,0,1,0,0
5,4.1729,4.3085,6.5051,7.183,0,0,0,0,0,1,0
5,5.2847,5.6373,5,8.5119,1,0,0,0,0,0,0
5,5.5559,5.9627,7.1017,1.3797,0,0,0,0,1,0,0
5,4.7695,4.3898,6.0983,8.4576,0,0,0,0,0,1,0
4.8237,5,5.2034,5.1763,1.461,1,0,0,0,0,0,0
6.2339,6.2339,4.2,6.939,2.1932,0,0,0,1,0,0,1
5.2576,5.2847,5.1763,5.2305,1.4339,0,0,0,1,0,0,1
4.8508,3.1153,5.2034,1.7322,1.4339,0,1,0,0,0,0,1
5.3661,4.417,4.3898,5,8.5119,0,0,0,1,0,0,1
3.4136,4.1458,7.9153,3.0881,1.4068,0,0,0,0,0,0,1
5.339,5.6644,5,5.3661,7.5627,0,0,0,0,1,0,0
5.2847,6.1525,4.4983,7.9966,7.3186,0,0,0,0,1,0,0
5.2305,6.6949,5.2034,7.2102,6.6136,0,0,0,0,1,0,0
5.7729,6.0983,4.3627,7.2102,1.7864,0,0,0,0,1,0,1
7.4542,7.5356,2.2475,7.9966,2.0034,0,0,0,0,1,0,0
5,5,5,5,3.1424,1,0,0,0,1,0,0
5,6.4237,3.6034,5.0678,6.0441,0,0,0,0,0,1,0
5,7.4271,2.7898,7.5898,8.0508,1,0,0,0,1,0,0
4.7153,1.5153,3.1153,1.5153,1.7593,0,1,0,0,0,0,0
5,3.061,3.4949,5,1,1,0,0,0,0,1,0
6.5593,1.7322,2.5729,1.5966,1.9763,0,1,0,0,0,0,0
6.7763,3.2237,2.7627,7.6441,2.2746,1,0,0,1,0,0,0
7.2373,2.8712,3.1424,2.3288,9,0,0,1,0,0,1,0
6.6407,1,1,1,1,0,0,1,0,0,0,0
6.6136,3.1424,3.1966,3.1153,1,0,0,0,1,0,0,0
6.6136,5,5,5,2.2203,0,0,0,0,0,0,1
8.078,4.6339,3.1695,7.5356,1.4881,0,0,0,0,0,0,1
1,5,5,2.0034,1,1,0,0,0,0,0,0
6.9119,8.2949,2.7356,7.9695,7.4542,1,0,0,0,1,0,0
5,5,5,5,1.5153,0,0,0,0,1,0,1
1,9,9,3.1966,7.5356,1,0,0,0,0,0,0
1.6237,9,7.8339,9,1,0,0,0,0,1,0,1
2.1932,5,7.183,7.861,1,0,0,0,0,0,1,1
1.7051,9,7.9153,9,1,0,0,0,0,1,0,1
3.1153,3.2508,6.3966,4.0915,1,0,0,1,0,0,0,0
7.1017,6.2068,3.739,6.5593,1,0,0,0,0,0,1,1
3.3593,7.7254,7.183,8.539,1,0,0,1,0,1,0,1
9,1,1,1,1,0,0,1,1,0,1,1
6.6678,3.2508,6.3695,7.0746,1,0,0,0,1,0,0,1
6.1797,1,1,1,1,0,1,1,0,0,0,1
6.1525,5,3.6847,5.7458,7.1017,0,0,0,1,0,0,0
6.0441,3.3322,3.7661,2.383,1,0,0,0,0,0,0,1
2.9525,5,8.2136,5,1,1,0,0,0,1,0,0
6.6407,7.5898,6.2339,8.1593,1,0,0,0,0,1,0,1
3.7119,6.9661,7.2102,6.8576,1,0,0,0,0,0,0,1
4.0915,3.3051,3.3864,1.6237,1,0,0,1,0,0,0,1
2.7356,7.3458,6.9661,5.9085,1,1,0,0,0,0,0,0
7.9424,8.2949,2.3559,7.9153,3.4407,0,0,0,0,1,0,0
3.061,3.3051,6.1525,7.0203,2.2475,1,0,0,0,0,1,0
2.6,7.8881,7.4271,6.6,7.6441,1,0,0,0,1,0,0
3.1695,5,8.1051,1.5695,1.7864,1,0,0,0,0,0,0
8.0508,2.0576,2.7898,7.2915,1.3797,0,0,0,0,0,1,0
3.2237,3.278,8.2678,1.3797,2.1661,1,0,0,0,0,1,0
5,1,4.661,1,1,0,0,0,1,0,0,0
6.6,1.7322,1.8407,3.9017,1.3254,0,0,0,1,0,1,0
6.8576,1,2.3559,1,1,0,0,1,0,0,0,0
8.1593,1,2.2203,1,1,0,0,1,1,0,1,1
3.3322,3.1424,8.2,2.9797,1,1,0,0,0,0,0,0
6.261,7.4,3.522,7.8339,7.861,0,0,0,0,1,0,0
2.6,6.8847,6.9661,6.5593,2.4644,1,0,0,0,0,0,0
4.878,6.8034,8.2678,8.1593,1.4881,1,0,0,0,1,0,0
6.2881,7.8881,4.2,7.7525,1,0,0,0,0,1,0,0
6.8576,7.5898,3.5492,6.6407,2.1661,1,0,0,0,1,0,0
3.0881,8.2949,2.7356,8.1864,1,1,0,0,0,0,0,0
4.7966,3.7661,3.8203,1.8136,1,0,1,0,0,0,1,0
5.9085,7.4271,3.061,7.0475,7.183,1,0,0,0,1,0,0
5,3.1966,6.6136,1.4881,1.4881,0,1,0,0,0,0,0
3.4136,5,5,3.3051,2.6542,0,0,0,0,0,1,0
5,3.1966,4.3898,1.8136,1.1898,0,0,0,0,0,1,0
6.8034,6.8576,6.4508,8.4305,1.1898,1,0,0,0,0,0,0
5,1.0542,1.7322,1,5.2576,0,0,0,1,0,1,1
5,3.8746,6.8034,2.7085,1,0,0,1,0,0,0,0
6.4237,3.4136,2.7085,4.0102,1,0,0,0,1,0,0,0
5,5,3.8746,5,1,0,0,0,0,1,0,1
6.478,5,5,6.0441,3.1966,0,0,0,0,1,0,0
5,6.8576,5,8.6746,1,1,0,0,0,1,0,0
6.478,8.4576,5,8.1864,1,0,0,0,0,1,0,1
5,5,8.4576,8.2136,1,0,0,0,0,1,0,0
3.5763,7.8339,7.1288,1.8136,1,0,0,0,0,1,0,0
3.7932,6.2068,5.1763,6.1525,6.1525,0,0,0,0,1,0,1
3.7932,4.4441,7.1288,3.4136,4.3627,1,0,0,0,0,0,0
2.1661,6.0441,7.6712,4.5525,1.1085,1,0,0,0,0,0,0
3.5492,3.7932,6.722,5.6102,1,0,0,0,0,0,1,1
3.5492,4.2,6.3424,3.3051,5.4746,1,0,0,0,0,0,0
3.522,3.7661,6.9932,3.7661,1,1,0,0,0,0,0,0
6.5864,2.9797,3.9559,6.1254,1,0,0,0,1,0,0,1
5.6644,2.7627,3.1424,5.8814,7.0203,0,0,0,0,0,1,1
3.3593,5,3.5492,3.278,4.9593,0,0,1,0,0,0,0
5.4746,3.7661,3.6034,5.4746,1,0,0,0,0,0,0,1
3.1695,4.0644,6.2881,3.3864,6.722,0,0,1,0,0,0,0
5.8814,7.0203,3.983,5,6.8305,0,0,0,0,1,0,1
1.4881,6.3424,8.7288,5.6915,1,0,0,0,0,1,0,0
2.8441,7.2644,7.861,6.5051,6.1797,0,0,0,0,1,0,1
6.2068,6.6949,6.9119,6.5051,3.6576,0,0,0,0,1,0,0
5,4.7153,7.4814,2.0305,1.4068,1,0,0,0,0,0,0
5.0949,6.3424,5,6.2068,7.2102,1,0,0,0,0,0,0
3.522,2.383,3.278,2.5458,1,0,0,0,0,0,1,0
3.4,7.4,7.4,8.2,9,1,0,0,0,1,0,0
3.4,5,8.2,3.4,4.2,1,0,0,0,0,0,0
5.8,3.4,6.6,6.6,1,1,0,0,0,0,1,0
3.4,4.2,7.4,2.6,1,1,0,0,0,0,0,0
8.5932,1.0814,8.1593,1,1,0,0,0,1,0,0,0
6.0712,3.9017,6.8847,4.0373,1.5695,1,0,0,0,0,0,0
6.1254,1.7593,3.8746,1,1,0,0,1,0,0,0,0
7.3458,1.4339,4.661,1,1,0,0,1,1,0,0,0
6.8034,6.8576,8.0237,8.6203,1,0,0,0,0,1,0,0
8.2,8.1864,1.8,8.2,1,0,0,0,0,1,0,1
1.3797,6.0441,4.7966,5,2.0847,1,0,0,0,0,0,0
2.1932,5.4746,5,6.2881,7.8881,1,0,0,0,0,0,0
5.7458,8.0237,4.6881,7.0475,1,0,0,0,0,1,0,1
3.061,6.261,9,2.6,6.2339,1,0,0,0,0,0,0
3.1695,8.1051,3.7119,9,8.0508,0,0,0,0,1,0,0
3.5763,3.5492,3.8746,3.3322,7.9695,1,0,0,0,0,1,0
3.1966,7.7797,6.8576,6.2881,8.6203,1,0,0,0,1,0,0
3.8746,5,7.5085,3.3593,6.5864,1,0,0,0,0,0,1
3.9288,3.3051,6.5322,3.5763,8.7559,0,0,0,0,0,1,0
6.2339,3.6847,9,3.8203,6.8576,1,0,0,0,0,0,1
6.6678,3.6305,5.9898,3.9559,8.1593,1,0,0,1,0,0,1
5.9085,4.3356,7.2915,6.4508,7.8881,0,0,0,0,0,0,1
6.9661,1,2.6,1,6.6,0,1,1,0,0,0,0
6.9932,3.5763,3.3864,6.0983,7.6712,0,0,1,1,0,0,1
5.9085,5.3932,9,3.8203,9,1,0,0,0,0,0,0
6.0712,7.4271,6.5051,7.6983,8.7288,0,0,0,0,1,0,0
3.0881,8.783,6.4508,8.3763,7.4814,0,0,0,0,1,0,0
4.0373,8.8644,4.2814,8.4576,7.1559,0,0,0,0,1,0,0
5.7458,6.9119,7.5085,8.1593,8.4576,0,0,0,0,1,0,0
5,5,5,5,1,1,0,0,0,0,0,0
7.0203,6.5593,3.522,6.9119,2.6814,0,0,0,0,1,0,0
5,3.983,5,3.4949,1,0,0,1,0,0,1,0
3.9288,6.4508,6.4508,6.478,9,1,0,0,0,0,0,0
5,5,9,5,1,1,0,0,0,0,0,0
6.1525,3.8746,3.9017,2.1661,1,0,0,0,0,0,1,0
5,5,9,5,1,1,0,0,0,0,0,0
7.5898,6.261,5.9085,5.8542,1,0,0,0,1,0,0,1
5.5017,2.7356,5.7729,2.2203,9,0,1,0,0,0,1,0
6.0983,3.5492,4.2271,3.8203,1,0,0,1,0,0,0,1
6.8847,3.2508,3.3593,2.3017,1,0,0,0,0,0,0,1
6.0441,9,2.9254,9,1,0,0,0,0,1,0,1
6.3424,7.5898,3.9559,7.8068,7.2915,0,0,0,0,1,0,0
5,6.6678,5,6.5864,9,0,0,0,0,1,0,0
5.5559,6.2881,4.3085,7.2644,1,0,0,0,0,1,0,1
6.4508,6.0983,4.1729,9,8.9458,0,0,0,0,1,0,0
